mes,mes_label,semana,periodo,csat_ia,csat_humano,tma_primeira_resposta,tmr,fcr_pct,resolucao_ia_pct,narrativa
2026-05,Maio,0,,0,2.71,55h,15h58,24.7,6,
2026-06,Junho,0,,0,3.89,48h48,14h11,9.3,20,
2026-07,Julho,0,,3.56,3.73,57h18,20h52,52.2,40,
2026-08,Agosto,0,,3.4,4.05,10h,12h48,73.3,40,
2026-08,Agosto,1,"3 a 9 de agosto",0,3.95,12h30,61h36,75.8,,"IAs desligadas; consolidação das bases históricas de NPS e Zendesk."
2026-08,Agosto,2,"10 a 16 de agosto",0,3.64,13h,65h36,76,,"Análise dos principais ofensores da experiência; estruturação do Comitê com ISAs."
2026-08,Agosto,3,"17 a 23 de agosto",0,3.71,9h24,46h06,78.8,,"Criação e ativação dos 4 grupos do Comitê; revisão do artigo ""Cadastro do profissional na plataforma""; revisão do artigo ""Falta de insumos, materiais ou prontuário na residência do paciente""."
2026-08,Agosto,4,"24 a 31 de agosto",3.4,4.05,10h,12h48,73.3,6,"Definição da metodologia, priorização dos temas e organização dos Comitês; primeira rodada do Comitê com ISAs; primeira automação no Zendesk (Cadastro); automação de Falta de insumos; resolução com IA: 6% (17 conversas, 13 resolvidas totalmente)."
2026-09,Setembro,0,,,,,,,,
